{ "id": "",
  "metric_cfgs": [

    {"metric":"alerts", "type":"alert", "description":"Alerts about other metric values", "dp":"0", "cmp":"notEqualBad"}, 
    {"metric":"design.area", "units":"um^2", "type":"area", "description":"Total design area", "dp":"2", "cmp":"lessBetter"}, 
    {"metric":"design.area.always_on", "units":"um^2", "type":"area", "description":"Total area of always on instances", "dp":"2", "cmp":"lessBetter"}, 
    {"metric":"design.area.area_io", "units":"um^2", "type":"area", "description":"Total area of area_io instances", "dp":"2", "cmp":"lessBetter"}, 
    {"metric":"design.area.blackbox", "units":"um^2", "type":"area", "description":"Total area of block instances", "dp":"2", "cmp":"lessBetter"}, 
    {"metric":"design.area.block", "units":"um^2", "type":"area", "description":"Total area of block instances", "dp":"2", "cmp":"lessBetter"}, 
    {"metric":"design.area.buffer", "units":"um^2", "type":"area", "description":"Total area of buffer instances", "dp":"2", "cmp":"lessBetter", "scan_tcl":"\n  set_alert_metric -id $db_id -uuid $self_uuid -name $metric \"Buffer area increased by over 20%\" -condition [expr { [lindex $previous 0 0] ne {} && [lindex $self 0] ne {} && ( [lindex $previous 0 0] == 0 || (([lindex $self 0] * 100) / [lindex $previous 0 0]) >= 120) }]\n"}, 
    {"metric":"design.area.filler", "units":"um^2", "type":"area", "description":"Total design area of filler isntances", "dp":"2", "cmp":"lessBetter"}, 
    {"metric":"design.area.inverter", "units":"um^2", "type":"area", "description":"Total area of inverter", "dp":"2", "cmp":"lessBetter"}, 
    {"metric":"design.area.io", "units":"um^2", "type":"area", "description":"Total area of io instances", "dp":"2", "cmp":"lessBetter"}, 
    {"metric":"design.area.logical", "units":"um^2", "type":"area", "description":"Total area of logical", "dp":"2", "cmp":"lessBetter"}, 
    {"metric":"design.area.physical", "units":"um^2", "type":"area", "description":"Total area of physical only instances", "dp":"2", "cmp":"lessBetter"}, 
    {"metric":"design.area.power_switch", "units":"um^2", "type":"area", "description":"Total area of power switches instances", "dp":"2", "cmp":"lessBetter"}, 
    {"metric":"design.area.sequential", "units":"um^2", "type":"area", "description":"Total area of sequential instances", "dp":"2", "cmp":"lessBetter"}, 
    {"metric":"design.area.std_cell", "units":"um^2", "type":"area", "description":"Total area of standard cell instances", "dp":"2", "cmp":"lessBetter"}, 
    {"metric":"design.congestion.hotspot.max", "description":"Maximum congestion hotspot size", "dp":"2", "cmp":"lessBetter"}, 
    {"metric":"design.congestion.hotspot.total", "description":"Total size of all congestion hotspots", "dp":"2", "cmp":"lessBetter"}, 
    {"metric":"design.density", "units":"%", "type":"density", "description":"Density w/o filler cells", "dp":"1", "cmp":"lessBetter"}, 
    {"metric":"design.density.peak", "units":"%", "type":"density", "description":"Peak design density w/o filler cells", "dp":"1", "cmp":"lessBetter"}, 
    {"metric":"design.img.floorplan", "tcl":"\n  # Disable floorplan image generation as it is not currently saved in the JSON\n  return {}\n  if {[info commands ::um::userscript::write_floorplan_gif] eq {}} {return {}}\n  return [::um::userscript::write_floorplan_gif -filename snapshot_img_floorplan.[lindex [get_metric -pending name] 1].gif]\n", "type":"img", "dp":"0"}, 
    {"metric":"design.instance.always_on", "description":"Total number of always on instances", "dp":"0", "cmp":"lessBetter"}, 
    {"metric":"design.instance.power_switch", "description":"Total number of power switches", "dp":"0", "cmp":"lessBetter"}, 
    {"metric":"design.instances", "description":"Total number of instances", "dp":"0", "cmp":"lessBetter"}, 
    {"metric":"design.instances.area_io", "description":"Total number of Area IO instances", "dp":"0", "cmp":"lessBetter"}, 
    {"metric":"design.instances.blackbox", "description":"Total number of blackbox instances", "dp":"0", "cmp":"lessBetter"}, 
    {"metric":"design.instances.block", "description":"Total number of block instances", "dp":"0", "cmp":"lessBetter"}, 
    {"metric":"design.instances.buffer", "description":"Total number of buffer instances", "dp":"0", "cmp":"lessBetter"}, 
    {"metric":"design.instances.filler", "description":"Total number of filler instances", "dp":"0", "cmp":"lessBetter"}, 
    {"metric":"design.instances.inverter", "description":"Total number of inverter instances", "dp":"0", "cmp":"lessBetter"}, 
    {"metric":"design.instances.io", "description":"Total number of IO instances", "dp":"0", "cmp":"lessBetter"}, 
    {"metric":"design.instances.logical", "description":"Total number of logical instances", "dp":"0", "cmp":"lessBetter"}, 
    {"metric":"design.instances.physical", "description":"Total number of physical instances", "dp":"0", "cmp":"lessBetter"}, 
    {"metric":"design.instances.sequential", "description":"Total number of sequential instances", "dp":"0", "cmp":"lessBetter"}, 
    {"metric":"design.instances.std_cell", "description":"Total number of standard cell instances", "dp":"0", "cmp":"lessBetter"}, 
    {"metric":"design.name", "type":"area", "description":"Design name", "dp":"0"}, 
    {"metric":"design.nets.avg_pin", "description":"Average terms per net", "dp":"1", "cmp":"lessBetter"}, 
    {"metric":"design.nets.global", "description":"Number of global nets", "dp":"0", "cmp":"lessBetter"}, 
    {"metric":"design.nets.missing_iso", "description":"Number of nets crossing domains w/o ISO", "dp":"0", "cmp":"lessBetter"}, 
    {"metric":"design.nets.signal", "description":"Number of signal nets", "dp":"0", "cmp":"lessBetter"}, 
    {"metric":"design.power_domains", "description":"List of power domains", "dp":"0"}, 
    {"metric":"flow.cputime", "units":"s", "type":"time", "description":"CPU time since the last snapshot", "dp":"0", "cmp":"lessBetter"}, 
    {"metric":"flow.cputime.total", "units":"s", "type":"time", "description":"Total CPU time", "dp":"0", "cmp":"lessBetter"}, 
    {"metric":"flow.cputime.user", "units":"s", "type":"time", "description":"User CPU time since the last snapshot", "dp":"0", "cmp":"lessBetter"}, 
    {"metric":"flow.cputime.user.total", "units":"s", "type":"time", "description":"Total user CPU time", "dp":"0", "cmp":"lessBetter"}, 
    {"metric":"flow.log", "type":"file", "description":"log file", "dp":"0"}, 
    {"metric":"flow.log.verbose", "description":"verbose log file", "dp":"0"}, 
    {"metric":"flow.machine", "tcl":" info hostname ", "description":"Hostname", "dp":"0"}, 
    {"metric":"flow.machine.load", "description":"Host load average", "dp":"2", "cmp":"lessBetter"}, 
    {"metric":"flow.memory", "units":"MB", "type":"memory", "description":"Current memory footprint", "dp":"0", "cmp":"lessBetter"}, 
    {"metric":"flow.memory.resident", "units":"MB", "type":"memory", "description":"Current resident memory footprint", "dp":"0", "cmp":"lessBetter"}, 
    {"metric":"flow.memory.resident.peak", "units":"MB", "type":"memory", "description":"Maximum resident memory footprint", "dp":"0", "cmp":"lessBetter"}, 
    {"metric":"flow.realtime", "units":"s", "type":"time", "description":"Real time since the last snapshot", "dp":"0", "cmp":"lessBetter"}, 
    {"metric":"flow.realtime.total", "units":"s", "type":"time", "description":"Total real time", "dp":"0", "cmp":"lessBetter"}, 
    {"metric":"flow.root_config", "type":"dict", "description":"Non-default root config option values", "dp":"0"}, 
    {"metric":"flow.run_directory", "tcl":" return [pwd] ", "type":"dir", "description":"Current working directory", "dp":"0"}, 
    {"metric":"flow.run_tag", "tcl":" ; #owner: um team\n  if {[is_common_ui_mode]} {\n    return [get_db flow_run_tag]\n  } else {\n    if {[is_attribute -obj_type root flow_run_tag]} { \n      return [um::get_obj flow_run_tag]\n    }\n  }\n  return \"\" \n", "description":"Flow run tag", "dp":"0"}, 
    {"metric":"flow.step.tcl", "type":"tcl", "description":"Tcl that was executed for this step", "dp":"0", "inheritance_enabled":false}, 
    {"metric":"flow.template.feature_enabled", "tcl":"\n  variable ret {}\n  variable f\n  variable s\n  if {[is_common_ui_mode]} {\n    foreach {f s} [get_db flow_template_feature_definition] { \n      if {$s eq {enabled}} { \n        lappend ret $f\n      }\n      if {($s eq {optional}) && [get_db flow_feature_$f]} { \n        lappend ret $f\n      }\n    } \n  } else {\n    if {[is_attribute flow_template_feature_definition -obj_type root]} { \n      foreach {f s} [um::get_obj flow_template_feature_definition] { \n        if {$s eq {enabled}} { \n          lappend ret $f\n        }\n        if {($s eq {optional}) && [um::get_obj flow_feature_$f]} { \n          lappend ret $f\n        }\n      } \n    }\n  }\n  return $ret\n", "description":"The flow template features that are currently enabled", "dp":"0"}, 
    {"metric":"flow.template.type", "tcl":"\n  if {[is_common_ui_mode]} {\n    return [get_db flow_template_type]\n  } else {\n    if {[is_attribute flow_template_type -obj_type root]} { \n      return [um::get_obj flow_template_type]; \n    }\n  }\n  return {}\n", "description":"The type of flow template", "dp":"0"}, 
    {"metric":"flow.tool.name", "tcl":" \n  if {[is_common_ui_mode]} {\n    return [get_db program_name]\n  } else {\n    return [um::get_obj program_name]\n  }\n", "description":"Tool name", "dp":"0"}, 
    {"metric":"flow.tool.name.short", "tcl":"\n  if {[is_common_ui_mode]} {\n    return [get_db program_short_name] \n  } else {\n    return [um::get_obj program_short_name] \n  }\n", "description":"Tool short name", "dp":"0"}, 
    {"metric":"flow.tool.version", "tcl":"\n  if {[is_common_ui_mode]} {\n    return [get_db program_version]\n  } else {\n    return [um::get_obj program_version]\n  }\n", "description":"Tool version", "dp":"0"}, 
    {"metric":"flow.user", "tcl":" set env(USER) ", "description":"User name", "dp":"0"}, 
    {"metric":"messages", "tcl":"\n  variable my_eval eval\n  if {[info commands eval_legacy] ne \"\"} { set my_eval eval_legacy; }\n  # check that the procs exist\n  if {[$my_eval \"namespace eval ::flowkit {info commands generic.get_msg_since_last_call}\"] eq {}} {\n    return {}\n  } else {\n    # call the flowkit messages with out own var\n    return [$my_eval \"::flowkit::generic.get_msg_since_last_call ::um::userscript::metric_last_message\"]\n  }\n", "type":"messages", "description":"messages", "dp":"0", "inheritance_tcl":"\n  # add the counts together of the similar messages\n  # format is: [list {count 1 id IMPDBTCL-247 ... }]\n  variable parent_dict {}\n  variable c\n  variable e\n  foreach c $children {\n    foreach e $c {\n      if {$e ne {}} {\n        if {[dict exists $parent_dict [dict get $e \"id\"]]} {\n          dict set parent_dict [dict get $e \"id\"] \"count\"  [expr [dict get $parent_dict [dict get $e \"id\"] \"count\"]  + [dict get $e \"count\"]]\n        } else {\n          dict set parent_dict [dict get $e \"id\"] $e\n        }\n      }\n    }\n  }\n  return [dict values $parent_dict]  \n"}, 
    {"metric":"name", "description":"Name of the snapshot", "dp":"0"}, 
    {"metric":"power.clock.total", "units":"mw", "description":"Total clock power", "dp":"2", "cmp":"lessBetter"}, 
    {"metric":"power.dynamic.block", "units":"mw", "description":"Block dynamic power", "dp":"2", "cmp":"lessBetter"}, 
    {"metric":"power.dynamic.clock", "units":"mw", "description":"Clock dynamic power", "dp":"2", "cmp":"lessBetter"}, 
    {"metric":"power.dynamic.combinatorial", "units":"mw", "description":"Combinatorial dynamic power", "dp":"2", "cmp":"lessBetter"}, 
    {"metric":"power.dynamic.io", "units":"mw", "description":"IO dynamic power", "dp":"2", "cmp":"lessBetter"}, 
    {"metric":"power.dynamic.sequential", "units":"mw", "description":"Sequential dynamic power", "dp":"2", "cmp":"lessBetter"}, 
    {"metric":"power.dynamic.total", "units":"mw", "description":"Total dynamic power", "dp":"2", "cmp":"lessBetter"}, 
    {"metric":"power.internal.block", "units":"mw", "description":"Internal block power", "dp":"2", "cmp":"lessBetter"}, 
    {"metric":"power.internal.clock", "units":"mw", "description":"Internal clock power", "dp":"2", "cmp":"lessBetter"}, 
    {"metric":"power.internal.clock_combinatorial", "units":"mw", "description":"Internal combinatorial clock power", "dp":"2", "cmp":"lessBetter"}, 
    {"metric":"power.internal.clock_sequential", "units":"mw", "description":"Internal sequential clock power", "dp":"2", "cmp":"lessBetter"}, 
    {"metric":"power.internal.combinatorial", "units":"mw", "description":"Internal combinatorial power", "dp":"2", "cmp":"lessBetter"}, 
    {"metric":"power.internal.io", "units":"mw", "description":"Internal IO power", "dp":"2", "cmp":"lessBetter"}, 
    {"metric":"power.internal.sequential", "units":"mw", "description":"Internal sequential power", "dp":"2", "cmp":"lessBetter"}, 
    {"metric":"power.internal.total", "units":"mw", "description":"Total internal power", "dp":"2", "cmp":"lessBetter"}, 
    {"metric":"power.leakage.block", "units":"mw", "description":"Block leakage power", "dp":"2", "cmp":"lessBetter"}, 
    {"metric":"power.leakage.clock", "units":"mw", "description":"Clock leakage power", "dp":"2", "cmp":"lessBetter"}, 
    {"metric":"power.leakage.clock_combinatorial", "units":"mw", "description":"Combinatorial clock leakage power", "dp":"2", "cmp":"lessBetter"}, 
    {"metric":"power.leakage.clock_sequential", "units":"mw", "description":"Sequential clock leakage power", "dp":"2", "cmp":"lessBetter"}, 
    {"metric":"power.leakage.combinatorial", "units":"mw", "description":"Combinatorial leakage power", "dp":"2", "cmp":"lessBetter"}, 
    {"metric":"power.leakage.io", "units":"mw", "description":"IO leakage power", "dp":"2", "cmp":"lessBetter"}, 
    {"metric":"power.leakage.sequential", "units":"mw", "description":"Sequential leakage power", "dp":"2", "cmp":"lessBetter"}, 
    {"metric":"power.leakage.total", "units":"mw", "description":"Total leakage power", "dp":"2", "cmp":"lessBetter"}, 
    {"metric":"power.switching.block", "units":"mw", "description":"Block switching power", "dp":"2", "cmp":"lessBetter"}, 
    {"metric":"power.switching.clock", "units":"mw", "description":"Clock switching power", "dp":"2", "cmp":"lessBetter"}, 
    {"metric":"power.switching.clock_combinatorial", "units":"mw", "description":"Combinatorial clock switching power", "dp":"2", "cmp":"lessBetter"}, 
    {"metric":"power.switching.clock_sequential", "units":"mw", "description":"Sequential clock switching power", "dp":"2", "cmp":"lessBetter"}, 
    {"metric":"power.switching.combinatorial", "units":"mw", "description":"Combinatorial switching power", "dp":"2", "cmp":"lessBetter"}, 
    {"metric":"power.switching.io", "units":"mw", "description":"IO switching power", "dp":"2", "cmp":"lessBetter"}, 
    {"metric":"power.switching.sequential", "units":"mw", "description":"Sequential switching power", "dp":"2", "cmp":"lessBetter"}, 
    {"metric":"power.switching.total", "units":"mw", "description":"Total switching power", "dp":"2", "cmp":"lessBetter"}, 
    {"metric":"power.total", "units":"mw", "description":"Total power", "dp":"2", "cmp":"lessBetter"}, 
    {"metric":"power.view", "description":"Power analysis view", "dp":"0"}, 
    {"metric":"route.drc.<type>", "description":"DRC count per type", "dp":"0", "cmp":"lessBetter"}, 
    {"metric":"route.drc.total", "description":"Total DRC count", "dp":"0", "cmp":"lessBetter"}, 
    {"metric":"route.layers", "description":"Number of routing layers", "dp":"0"}, 
    {"metric":"route.overcon.<layer>", "description":"GR overcon per layer", "dp":"0", "cmp":"lessBetter"}, 
    {"metric":"route.overcon.total", "description":"Total GR overcon", "dp":"0", "cmp":"lessBetter"}, 
    {"metric":"route.overflow.horizontal", "description":"Trial-route horizontal overflow", "dp":"3", "cmp":"lessBetter"}, 
    {"metric":"route.overflow.vertical", "description":"Trial-route vertical overflow", "dp":"3", "cmp":"lessBetter"}, 
    {"metric":"route.pitch.<layer>", "units":"um", "description":"Routing pitch per layer", "dp":"3"}, 
    {"metric":"route.shielding.nets", "description":"Number of shielded nets", "dp":"0"}, 
    {"metric":"route.shielding.percentage", "description":"Shielding percentage", "dp":"0"}, 
    {"metric":"route.via.multicut.<layer>", "description":"Number of MC vias per layer", "dp":"0", "cmp":"lessBetter"}, 
    {"metric":"route.via.multicut.percentage", "description":"Percentage of MC vias", "dp":"0", "cmp":"lessBetter"}, 
    {"metric":"route.via.multicut.total", "description":"Total number of MC vias", "dp":"0", "cmp":"lessBetter"}, 
    {"metric":"route.via.singlecut.<layer>", "description":"Number of SC vias per layer", "dp":"0", "cmp":"lessBetter"}, 
    {"metric":"route.via.singlecut.percentage", "description":"Percentage of SC vias", "dp":"0"}, 
    {"metric":"route.via.singlecut.total", "description":"Total number of SC vias", "dp":"0", "cmp":"lessBetter"}, 
    {"metric":"route.via.total", "description":"Total number of vias", "dp":"0", "cmp":"lessBetter"}, 
    {"metric":"route.via.total.<layer>", "description":"Total number of vias per layer", "dp":"0", "cmp":"lessBetter"}, 
    {"metric":"route.width.<layer>", "units":"um", "description":"Routing width per layer", "dp":"3"}, 
    {"metric":"route.wirelength.<layer>", "units":"um", "description":"Wirelength per layer", "dp":"3", "cmp":"lessBetter"}, 
    {"metric":"route.wirelength.total", "units":"um", "description":"Total wirelength", "dp":"3", "cmp":"lessBetter"}, 
    {"metric":"timing.analysis_views.all", "description":"All views of setup/hold timing", "dp":"0"}, 
    {"metric":"timing.analysis_views.all.number", "description":"The number of all views of setup/hold timing", "dp":"0"}, 
    {"metric":"timing.drv.max_cap.total", "description":"Total max capacitance violation", "dp":"0", "cmp":"lessBetter"}, 
    {"metric":"timing.drv.max_cap.worst", "description":"Worst max capacitance violation", "dp":"0", "cmp":"lessBetter"}, 
    {"metric":"timing.drv.max_fanout.total", "description":"Total max fanout violations", "dp":"0", "cmp":"lessBetter"}, 
    {"metric":"timing.drv.max_fanout.worst", "description":"Worst max fanout violation", "dp":"0", "cmp":"lessBetter"}, 
    {"metric":"timing.drv.max_length.total", "description":"Total max length violations", "dp":"0", "cmp":"lessBetter"}, 
    {"metric":"timing.drv.max_length.worst", "units":"um", "description":"Worst max length violation", "dp":"3", "cmp":"lessBetter"}, 
    {"metric":"timing.drv.max_tran.total", "description":"Total max transition violations", "dp":"0", "cmp":"lessBetter"}, 
    {"metric":"timing.drv.max_tran.worst", "units":"ns", "description":"Worst max transition violation", "dp":"3", "cmp":"lessBetter"}, 
    {"metric":"timing.hold.worst_path.capture_clock", "description":"Capture clock of the worst hold path", "dp":"0"}, 
    {"metric":"timing.hold.worst_path.freq", "units":"GHz", "description":"Frequency: 1/(capture period-slack) of the worst hold path", "dp":"0", "cmp":"moreBetter"}, 
    {"metric":"timing.hold.worst_path.launch_clock", "description":"Launch clock of the worst hold path", "dp":"0"}, 
    {"metric":"timing.hold.worst_path.view", "description":"Analysis view of the worst hold path", "dp":"0"}, 
    {"metric":"timing.setup.analysis_views.active", "description":"All active views of setup timing", "dp":"0"}, 
    {"metric":"timing.setup.analysis_views.active.number", "description":"The number of all active views of setup timing", "dp":"0"}, 
    {"metric":"timing.setup.analysis_views.enabled", "description":"All enabled views of setup timing", "dp":"0"}, 
    {"metric":"timing.setup.analysis_views.enabled.number", "description":"The number of all enabled views of setup timing", "dp":"0"}, 
    {"metric":"timing.setup.feps", "description":"Total number of setup failing end points", "dp":"0", "cmp":"lessBetter"}, 
    {"metric":"timing.setup.feps.<view>", "description":"Total number of setup failing end points for a specific view", "dp":"0", "cmp":"lessBetter"}, 
    {"metric":"timing.setup.tns", "units":"ns", "type":"slack", "description":"Total negative setup slack (all path groups)", "dp":"3", "cmp":"moreBetter"}, 
    {"metric":"timing.setup.tns.<view>", "units":"ns", "type":"slack", "description":"Total negative setup slack for a specific view", "dp":"3", "cmp":"moreBetter"}, 
    {"metric":"timing.setup.wns", "units":"ns", "type":"slack", "description":"Worst negative setup slack (all path groups)", "dp":"3", "cmp":"moreBetterIgnorePositive"}, 
    {"metric":"timing.setup.wns.<view>", "units":"ns", "type":"slack", "description":"Worst negative setup slack for a specific view", "dp":"3", "cmp":"moreBetterIgnorePositive"}, 
    {"metric":"timing.setup.worst_path.capture_clock", "description":"Capture clock of the worst setup path", "dp":"0"}, 
    {"metric":"timing.setup.worst_path.freq", "units":"GHz", "description":"Frequency: 1/(capture period-slack) of the worst setup path", "dp":"0", "cmp":"moreBetter"}, 
    {"metric":"timing.setup.worst_path.launch_clock", "description":"Launch clock of the worst setup path", "dp":"0"}, 
    {"metric":"timing.setup.worst_path.view", "description":"Analysis view of the worst setup path", "dp":"0"}, 
    {"metric":"timing.si.glitches", "description":"Number of SI glitches", "dp":"0", "cmp":"lessBetter"}, 
    {"metric":"timing.si.noise", "units":"ns", "description":"Amount of noise delay remaining", "dp":"3", "cmp":"lessBetter"}
  ],
  "headers": {
    "design":"processor" 
  },
  "snapshots": [
    { "name": "elaborate", "uuid": "3c5c064a", "path": "elaborate", "branch": "default", "key": "3c5c064a", "parent_key": "", "metrics": [
        { "name": "alerts", "value": "" }, 
        { "name": "design.area", "value": "215707.822014" }, 
        { "name": "design.area.block", "value": "0" }, 
        { "name": "design.area.buffer", "value": "0" }, 
        { "name": "design.area.inverter", "value": "0" }, 
        { "name": "design.area.io", "value": "0" }, 
        { "name": "design.area.logical", "value": "215116.57922" }, 
        { "name": "design.area.sequential", "value": "0" }, 
        { "name": "design.area.std_cell", "value": "215116.57922" }, 
        { "name": "design.density", "value": "0" }, 
        { "name": "design.instance.always_on", "value": "0" }, 
        { "name": "design.instances", "value": "5374" }, 
        { "name": "design.instances.area_io", "value": "0" }, 
        { "name": "design.instances.blackbox", "value": "0" }, 
        { "name": "design.instances.block", "value": "0" }, 
        { "name": "design.instances.buffer", "value": "0" }, 
        { "name": "design.instances.inverter", "value": "589" }, 
        { "name": "design.instances.io", "value": "0" }, 
        { "name": "design.instances.physical", "value": "0" }, 
        { "name": "design.instances.sequential", "value": "1469" }, 
        { "name": "design.instances.std_cell", "value": "3316" }, 
        { "name": "design.name", "value": "processor" }, 
        { "name": "design.nets.global", "value": "0" }, 
        { "name": "design.nets.signal", "value": "9826" }, 
        { "name": "flow.cputime", "value": "28" }, 
        { "name": "flow.cputime.total", "value": "28" }, 
        { "name": "flow.cputime.user", "value": "28" }, 
        { "name": "flow.cputime.user.total", "value": "28" }, 
        { "name": "flow.log", "value": "/home/inf01185/arthur.baumgardt/Downloads/riscv/synthesis/genus.log4" }, 
        { "name": "flow.machine", "value": "pgmicro03" }, 
        { "name": "flow.machine.load", "value": "3.13" }, 
        { "name": "flow.memory", "value": "303 MB" }, 
        { "name": "flow.memory.resident", "value": "303 MB" }, 
        { "name": "flow.realtime", "value": "31" }, 
        { "name": "flow.realtime.total", "value": "31" }, 
        { "name": "flow.run_directory", "value": "/home/inf01185/arthur.baumgardt/Downloads/riscv/synthesis" }, 
        { "name": "flow.tool.name", "value": "Genus(TM) Synthesis Solution" }, 
        { "name": "flow.tool.name.short", "value": "genus" }, 
        { "name": "flow.tool.version", "value": "GENUS15.22 - 15.20-s024_1" }, 
        { "name": "flow.user", "value": "arthur.baumgardt" }, 
        { "name": "messages", "value": "{count 384 id message:LBR/LBR-31 severity Info short {Promoting a hold arc to removal.}} {count 414 id message:LBR/LBR-43 severity Warning short {Libcell has no area attribute.  Defaulting to 0 area.}} {count 92 id message:LBR/LBR-9 severity Warning short {Library cell has no output pins defined.}} {count 3 id message:LBR/LBR-41 severity Info short {An output library pin lacks a function attribute.}} {count 1 id message:LBR/LBR-436 severity Info short {Could not find an attribute in the library.}} {count 3 id message:LBR/LBR-518 severity Info short {Missing a function attribute in the output pin definition.}} {count 194 id message:LBR/LBR-40 severity Info short {An unsupported construct was detected in this library.}} {count 2 id message:LBR/LBR-412 severity Info short {Created nominal operating condition.}} {count 42 id message:LBR/LBR-101 severity Warning short {Unusable clock gating integrated cell.}} {count 2067 id message:PHYS/PHYS-128 severity Warning short {Library cell pin 'use' attribute is inconsistent between lib and LEF.}} {count 1 id message:PHYS/PHYS-103 severity Warning short {Marking library cell 'avoid'.}} {count 1 id message:ELAB/ELAB-1 severity Info short {Elaborating Design.}} {count 6 id message:ELAB/ELAB-2 severity Info short {Elaborating Subdesign.}} {count 1 id message:ELAB/ELAB-3 severity Info short {Done Elaborating Design.}} {count 7 id message:ELAB/ELAB-5 severity Info short {Binding to architecture.}} {count 81 id message:CWD/CWD-19 severity Info short {An implementation was inferred.}} {count 7 id message:VHDLPT/VHDLPT-509 severity Info short {Analyzing file.}} {count 14 id message:VHDLPT/VHDLPT-514 severity Info short {Design unit stored.}} {count 1 id message:VHDL/VHDL-205 severity Info short {VHDL file(s) analyzed successfully.}} {count 1 id message:VHDL/VHDL-639 severity Warning short {Initial values are ignored for synthesis.}} {count 1 id message:CDFG/CDFG-250 severity Info short {Processing multi-dimensional arrays.}} {count 7 id message:CDFG/CDFG-303 severity Info short {Processing HDL design.}} {count 13 id message:CDFG/CDFG-308 severity Info short {Processing HDL design from subprogram.}} {count 42 id message:CDFG/CDFG-309 severity Info short {Processing HDL design from operator.}} {count 62 id message:CDFG/CDFG-425 severity Info short {Instantiated design.}} {count 12 id message:CDFG/CDFG-470 severity Info short {Constant conditional expression.}} {count 2 id message:CDFG/CDFG-472 severity Warning short {Unreachable statements for case item.}} {count 2 id message:CDFG/CDFG-478 severity Info short {Converting if statement to equivalent case statement.}} {count 1 id message:CDFG/CDFG-479 severity Info short {Constant relational expression.}} {count 65 id message:CDFG/CDFG-738 severity Info short {Common subexpression eliminated.}} {count 65 id message:CDFG/CDFG-739 severity Info short {Common subexpression kept.}} {count 100 id message:CDFG/CDFG-740 severity Info short {Constant propagating graph.}} {count 20 id message:CDFG/CDFG-742 severity Info short {Common subexpression elimination.}} {count 11 id message:CDFG/CDFG-750 severity Info short {Created sum-of-products hierarchy.}} {count 1 id message:CDFG/CDFG-754 severity Info short {Transformed if-else-if to priority-encoded case.}} {count 9 id message:CDFG/CDFG-755 severity Info short {Combined sum-of-products logic.}} {count 12 id message:CDFG/CDFG-771 severity Info short {Replaced logic with a constant value.}} {count 7 id message:CDFG2G/CDFG2G-110 severity Info short {Finished processing module.}}" }, 
        { "name": "name", "value": "elaborate" }, 
        { "name": "timing.analysis_views.all", "value": "" }, 
        { "name": "timing.analysis_views.all.number", "value": "0" }, 
        { "name": "timing.setup.analysis_views.active", "value": "" }, 
        { "name": "timing.setup.analysis_views.active.number", "value": "0" }, 
        { "name": "timing.setup.analysis_views.enabled", "value": "" }, 
        { "name": "timing.setup.analysis_views.enabled.number", "value": "0" }
      ], "total_cpu": 28, "total_cpu_user": 28, "total_real": 31, "delta_cpu_not_child": 28, "delta_cpu_user_not_child": 28, "delta_cpu": 28, "delta_cpu_user": 28, "delta_real": 31, "real_start": 1700721904, "real_end": 1700721935 }, 
    { "name": "syn_generic", "uuid": "3c5c07a5", "path": "syn_generic", "branch": "default", "key": "3c5c07a5", "parent_key": "", "previous": [
        "3c5c064a"
      ], "metrics": [
        { "name": "alerts", "value": "design.area.buffer {Buffer area increased by over 20%}" }, 
        { "name": "design.area", "value": "177607.273774" }, 
        { "name": "design.area.block", "value": "0" }, 
        { "name": "design.area.buffer", "value": "0" }, 
        { "name": "design.area.inverter", "value": "0" }, 
        { "name": "design.area.io", "value": "0" }, 
        { "name": "design.area.logical", "value": "177016.03098" }, 
        { "name": "design.area.sequential", "value": "0" }, 
        { "name": "design.area.std_cell", "value": "177016.03098" }, 
        { "name": "design.density", "value": "0" }, 
        { "name": "design.instance.always_on", "value": "0" }, 
        { "name": "design.instances", "value": "4848" }, 
        { "name": "design.instances.area_io", "value": "0" }, 
        { "name": "design.instances.blackbox", "value": "0" }, 
        { "name": "design.instances.block", "value": "0" }, 
        { "name": "design.instances.buffer", "value": "0" }, 
        { "name": "design.instances.inverter", "value": "735" }, 
        { "name": "design.instances.io", "value": "0" }, 
        { "name": "design.instances.physical", "value": "0" }, 
        { "name": "design.instances.sequential", "value": "1361" }, 
        { "name": "design.instances.std_cell", "value": "2752" }, 
        { "name": "design.name", "value": "processor" }, 
        { "name": "design.nets.global", "value": "0" }, 
        { "name": "design.nets.signal", "value": "5054" }, 
        { "name": "flow.cputime", "value": "11" }, 
        { "name": "flow.cputime.total", "value": "39" }, 
        { "name": "flow.cputime.user", "value": "11" }, 
        { "name": "flow.cputime.user.total", "value": "39" }, 
        { "name": "flow.log", "value": "/home/inf01185/arthur.baumgardt/Downloads/riscv/synthesis/genus.log4" }, 
        { "name": "flow.machine", "value": "pgmicro03" }, 
        { "name": "flow.machine.load", "value": "2.96" }, 
        { "name": "flow.memory", "value": "311 MB" }, 
        { "name": "flow.memory.resident", "value": "311 MB" }, 
        { "name": "flow.realtime", "value": "12" }, 
        { "name": "flow.realtime.total", "value": "43" }, 
        { "name": "flow.run_directory", "value": "/home/inf01185/arthur.baumgardt/Downloads/riscv/synthesis" }, 
        { "name": "flow.tool.name", "value": "Genus(TM) Synthesis Solution" }, 
        { "name": "flow.tool.name.short", "value": "genus" }, 
        { "name": "flow.tool.version", "value": "GENUS15.22 - 15.20-s024_1" }, 
        { "name": "flow.user", "value": "arthur.baumgardt" }, 
        { "name": "messages", "value": "{count 1 id message:TUI/TUI-37 severity Warning short {This command will be obsolete in a next major release.}} {count 1 id message:GLO/GLO-45 severity Info short {Replacing the synchronous part of an always feeding back flip-flop with a logic constant.}} {count 1 id message:GLO/GLO-12 severity Info short {Replacing a flip-flop with a logic constant 0.}} {count 1 id message:GLO/GLO-34 severity Info short {Deleting instances not driving any primary outputs.}} {count 3 id message:GLO/GLO-32 severity Info short {Deleting sequential instances not driving any primary outputs.}} {count 117 id message:GLO/GLO-42 severity Info short {Equivalent sequential instances have been merged.}} {count 1 id message:POPT/POPT-10 severity Info short {Cannot find requested type of clock-gating integrated cell.}} {count 1 id message:POPT/POPT-12 severity Info short {Could not find any user created clock-gating module.}} {count 1 id message:POPT/POPT-96 severity Info short {One or more cost groups were automatically created for clock gate enable paths.}} {count 1 id message:GB/GB-6 severity Info short {A datapath component has been ungrouped.}} {count 1 id message:RTLOPT/RTLOPT-1 severity Info short {Optimizing RTL.}} {count 1 id message:RTLOPT/RTLOPT-2 severity Info short {Done optimizing RTL.}} {count 2 id message:RTLOPT/RTLOPT-30 severity Info short {Accepted resource sharing opportunity.}} {count 1 id message:SYNTH/SYNTH-14 severity Info short {Done gating clocks.}} {count 1 id message:SYNTH/SYNTH-13 severity Info short {Gating clocks.}} {count 1 id message:SYNTH/SYNTH-2 severity Info short {Done synthesizing.}} {count 1 id message:SYNTH/SYNTH-1 severity Info short Synthesizing.} {count 2 id message:ELAB/ELAB-1 severity Info short {Elaborating Design.}} {count 2 id message:ELAB/ELAB-3 severity Info short {Done Elaborating Design.}} {count 4 id message:CWD/CWD-19 severity Info short {An implementation was inferred.}} {count 2 id message:CDFG/CDFG-303 severity Info short {Processing HDL design.}} {count 4 id message:CDFG/CDFG-500 severity Info short {Unused module input port.}} {count 2 id message:CDFG/CDFG-742 severity Info short {Common subexpression elimination.}} {count 2 id message:ELABUTL/ELABUTL-123 severity Warning short {Undriven module output port.}} {count 2 id message:CDFG2G/CDFG2G-110 severity Info short {Finished processing module.}} {count 2 id message:CDFG2G/CDFG2G-616 severity Info short {Latch inferred.}} {count 2 id message:CG/CG-103 severity Info short {Created discrete clock-gating module.}}" }, 
        { "name": "name", "value": "syn_generic" }, 
        { "name": "timing.analysis_views.all", "value": " default_emulate_view" }, 
        { "name": "timing.analysis_views.all.number", "value": "1" }, 
        { "name": "timing.setup.analysis_views.active", "value": " default_emulate_view" }, 
        { "name": "timing.setup.analysis_views.active.number", "value": "1" }, 
        { "name": "timing.setup.analysis_views.enabled", "value": " default_emulate_view" }, 
        { "name": "timing.setup.analysis_views.enabled.number", "value": "1" }
      ], "total_cpu": 39, "total_cpu_user": 39, "total_real": 43, "delta_cpu_not_child": 11, "delta_cpu_user_not_child": 11, "delta_cpu": 11, "delta_cpu_user": 11, "delta_real": 12, "real_start": 1700721935, "real_end": 1700721947 }, 
    { "name": "syn_map", "uuid": "3c5c0797", "path": "syn_map", "branch": "default", "key": "3c5c0797", "parent_key": "", "previous": [
        "3c5c07a5"
      ], "metrics": [
        { "name": "alerts", "value": "design.area.buffer {Buffer area increased by over 20%}" }, 
        { "name": "design.area", "value": "199031.828483" }, 
        { "name": "design.area.block", "value": "0" }, 
        { "name": "design.area.buffer", "value": "1152.8999999999999" }, 
        { "name": "design.area.inverter", "value": "3157.4087999999842" }, 
        { "name": "design.area.io", "value": "0" }, 
        { "name": "design.area.logical", "value": "134357.4288" }, 
        { "name": "design.area.sequential", "value": "72389.82239999839" }, 
        { "name": "design.area.std_cell", "value": "134357.4288" }, 
        { "name": "design.density", "value": "0" }, 
        { "name": "design.instance.always_on", "value": "0" }, 
        { "name": "design.instances", "value": "4904" }, 
        { "name": "design.instances.area_io", "value": "0" }, 
        { "name": "design.instances.blackbox", "value": "0" }, 
        { "name": "design.instances.block", "value": "0" }, 
        { "name": "design.instances.buffer", "value": "53" }, 
        { "name": "design.instances.inverter", "value": "339" }, 
        { "name": "design.instances.io", "value": "0" }, 
        { "name": "design.instances.physical", "value": "0" }, 
        { "name": "design.instances.sequential", "value": "1341" }, 
        { "name": "design.instances.std_cell", "value": "0" }, 
        { "name": "design.name", "value": "processor" }, 
        { "name": "design.nets.global", "value": "0" }, 
        { "name": "design.nets.signal", "value": "4956" }, 
        { "name": "flow.cputime", "value": "244" }, 
        { "name": "flow.cputime.total", "value": "283" }, 
        { "name": "flow.cputime.user", "value": "244" }, 
        { "name": "flow.cputime.user.total", "value": "283" }, 
        { "name": "flow.log", "value": "/home/inf01185/arthur.baumgardt/Downloads/riscv/synthesis/genus.log4" }, 
        { "name": "flow.machine", "value": "pgmicro03" }, 
        { "name": "flow.machine.load", "value": "4.25" }, 
        { "name": "flow.memory", "value": "338 MB" }, 
        { "name": "flow.memory.resident", "value": "338 MB" }, 
        { "name": "flow.realtime", "value": "142" }, 
        { "name": "flow.realtime.total", "value": "185" }, 
        { "name": "flow.run_directory", "value": "/home/inf01185/arthur.baumgardt/Downloads/riscv/synthesis" }, 
        { "name": "flow.tool.name", "value": "Genus(TM) Synthesis Solution" }, 
        { "name": "flow.tool.name.short", "value": "genus" }, 
        { "name": "flow.tool.version", "value": "GENUS15.22 - 15.20-s024_1" }, 
        { "name": "flow.user", "value": "arthur.baumgardt" }, 
        { "name": "messages", "value": "{count 1 id message:TUI/TUI-37 severity Warning short {This command will be obsolete in a next major release.}} {count 6 id message:GLO/GLO-51 severity Info short {Hierarchical instance automatically ungrouped.}} {count 1 id message:GLO/GLO-32 severity Info short {Deleting sequential instances not driving any primary outputs.}} {count 20 id message:GLO/GLO-42 severity Info short {Equivalent sequential instances have been merged.}} {count 1 id message:TIM/TIM-11 severity Warning short {Possible timing problems have been detected in this design.}} {count 198 id message:PA/PA-7 severity Info short {Resetting power analysis results.}} {count 1 id message:SYNTH/SYNTH-5 severity Info short {Done mapping.}} {count 1 id message:SYNTH/SYNTH-4 severity Info short Mapping.}" }, 
        { "name": "name", "value": "syn_map" }, 
        { "name": "timing.analysis_views.all", "value": " default_emulate_view" }, 
        { "name": "timing.analysis_views.all.number", "value": "1" }, 
        { "name": "timing.setup.analysis_views.active", "value": " default_emulate_view" }, 
        { "name": "timing.setup.analysis_views.active.number", "value": "1" }, 
        { "name": "timing.setup.analysis_views.enabled", "value": " default_emulate_view" }, 
        { "name": "timing.setup.analysis_views.enabled.number", "value": "1" }, 
        { "name": "timing.setup.feps", "value": "0" }, 
        { "name": "timing.setup.tns", "value": "-0 ps" }, 
        { "name": "timing.setup.tns.cost_group:processor/cg_enable_group_clk_i", "value": "-0 ps" }, 
        { "name": "timing.setup.tns.cost_group:processor/clk_i", "value": "-0 ps" }, 
        { "name": "timing.setup.tns.cost_group:processor/default", "value": "-0 ps" }, 
        { "name": "timing.setup.wns", "value": "0.0 ps" }, 
        { "name": "timing.setup.wns.cg_enable_group_clk_i", "value": "0.0 ps" }, 
        { "name": "timing.setup.wns.clk_i", "value": "346.4 ps" }, 
        { "name": "timing.setup.wns.default", "value": "no_value ps" }
      ], "total_cpu": 283, "total_cpu_user": 283, "total_real": 185, "delta_cpu_not_child": 244, "delta_cpu_user_not_child": 244, "delta_cpu": 244, "delta_cpu_user": 244, "delta_real": 142, "real_start": 1700721947, "real_end": 1700722089 }
  ],
  "metrics": [
    { "name": "alerts", "value": "design.area.buffer {Buffer area increased by over 20%}", "inherited": true }, 
    { "name": "design.area", "value": "199031.828483", "inherited": true }, 
    { "name": "design.area.block", "value": "0", "inherited": true }, 
    { "name": "design.area.buffer", "value": "1152.8999999999999", "inherited": true }, 
    { "name": "design.area.inverter", "value": "3157.4087999999842", "inherited": true }, 
    { "name": "design.area.io", "value": "0", "inherited": true }, 
    { "name": "design.area.logical", "value": "134357.4288", "inherited": true }, 
    { "name": "design.area.sequential", "value": "72389.82239999839", "inherited": true }, 
    { "name": "design.area.std_cell", "value": "134357.4288", "inherited": true }, 
    { "name": "design.density", "value": "0", "inherited": true }, 
    { "name": "design.instance.always_on", "value": "0", "inherited": true }, 
    { "name": "design.instances", "value": "4904", "inherited": true }, 
    { "name": "design.instances.area_io", "value": "0", "inherited": true }, 
    { "name": "design.instances.blackbox", "value": "0", "inherited": true }, 
    { "name": "design.instances.block", "value": "0", "inherited": true }, 
    { "name": "design.instances.buffer", "value": "53", "inherited": true }, 
    { "name": "design.instances.inverter", "value": "339", "inherited": true }, 
    { "name": "design.instances.io", "value": "0", "inherited": true }, 
    { "name": "design.instances.physical", "value": "0", "inherited": true }, 
    { "name": "design.instances.sequential", "value": "1341", "inherited": true }, 
    { "name": "design.instances.std_cell", "value": "0", "inherited": true }, 
    { "name": "design.name", "value": "processor", "inherited": true }, 
    { "name": "design.nets.global", "value": "0", "inherited": true }, 
    { "name": "design.nets.signal", "value": "4956", "inherited": true }, 
    { "name": "flow.cputime", "value": "283" }, 
    { "name": "flow.cputime.total", "value": "283" }, 
    { "name": "flow.cputime.user", "value": "283" }, 
    { "name": "flow.cputime.user.total", "value": "283" }, 
    { "name": "flow.log", "value": "/home/inf01185/arthur.baumgardt/Downloads/riscv/synthesis/genus.log4", "inherited": true }, 
    { "name": "flow.machine", "value": "pgmicro03", "inherited": true }, 
    { "name": "flow.machine.load", "value": "4.25", "inherited": true }, 
    { "name": "flow.memory", "value": "338 MB", "inherited": true }, 
    { "name": "flow.memory.resident", "value": "338 MB", "inherited": true }, 
    { "name": "flow.realtime", "value": "185" }, 
    { "name": "flow.realtime.total", "value": "185" }, 
    { "name": "flow.run_directory", "value": "/home/inf01185/arthur.baumgardt/Downloads/riscv/synthesis", "inherited": true }, 
    { "name": "flow.tool.name", "value": "Genus(TM) Synthesis Solution", "inherited": true }, 
    { "name": "flow.tool.name.short", "value": "genus", "inherited": true }, 
    { "name": "flow.tool.version", "value": "GENUS15.22 - 15.20-s024_1", "inherited": true }, 
    { "name": "flow.user", "value": "arthur.baumgardt", "inherited": true }, 
    { "name": "messages", "value": "{count 384 id message:LBR/LBR-31 severity Info short {Promoting a hold arc to removal.}} {count 414 id message:LBR/LBR-43 severity Warning short {Libcell has no area attribute.  Defaulting to 0 area.}} {count 92 id message:LBR/LBR-9 severity Warning short {Library cell has no output pins defined.}} {count 3 id message:LBR/LBR-41 severity Info short {An output library pin lacks a function attribute.}} {count 1 id message:LBR/LBR-436 severity Info short {Could not find an attribute in the library.}} {count 3 id message:LBR/LBR-518 severity Info short {Missing a function attribute in the output pin definition.}} {count 194 id message:LBR/LBR-40 severity Info short {An unsupported construct was detected in this library.}} {count 2 id message:LBR/LBR-412 severity Info short {Created nominal operating condition.}} {count 42 id message:LBR/LBR-101 severity Warning short {Unusable clock gating integrated cell.}} {count 2067 id message:PHYS/PHYS-128 severity Warning short {Library cell pin 'use' attribute is inconsistent between lib and LEF.}} {count 1 id message:PHYS/PHYS-103 severity Warning short {Marking library cell 'avoid'.}} {count 3 id message:ELAB/ELAB-1 severity Info short {Elaborating Design.}} {count 6 id message:ELAB/ELAB-2 severity Info short {Elaborating Subdesign.}} {count 3 id message:ELAB/ELAB-3 severity Info short {Done Elaborating Design.}} {count 7 id message:ELAB/ELAB-5 severity Info short {Binding to architecture.}} {count 85 id message:CWD/CWD-19 severity Info short {An implementation was inferred.}} {count 7 id message:VHDLPT/VHDLPT-509 severity Info short {Analyzing file.}} {count 14 id message:VHDLPT/VHDLPT-514 severity Info short {Design unit stored.}} {count 1 id message:VHDL/VHDL-205 severity Info short {VHDL file(s) analyzed successfully.}} {count 1 id message:VHDL/VHDL-639 severity Warning short {Initial values are ignored for synthesis.}} {count 1 id message:CDFG/CDFG-250 severity Info short {Processing multi-dimensional arrays.}} {count 9 id message:CDFG/CDFG-303 severity Info short {Processing HDL design.}} {count 13 id message:CDFG/CDFG-308 severity Info short {Processing HDL design from subprogram.}} {count 42 id message:CDFG/CDFG-309 severity Info short {Processing HDL design from operator.}} {count 62 id message:CDFG/CDFG-425 severity Info short {Instantiated design.}} {count 12 id message:CDFG/CDFG-470 severity Info short {Constant conditional expression.}} {count 2 id message:CDFG/CDFG-472 severity Warning short {Unreachable statements for case item.}} {count 2 id message:CDFG/CDFG-478 severity Info short {Converting if statement to equivalent case statement.}} {count 1 id message:CDFG/CDFG-479 severity Info short {Constant relational expression.}} {count 65 id message:CDFG/CDFG-738 severity Info short {Common subexpression eliminated.}} {count 65 id message:CDFG/CDFG-739 severity Info short {Common subexpression kept.}} {count 100 id message:CDFG/CDFG-740 severity Info short {Constant propagating graph.}} {count 22 id message:CDFG/CDFG-742 severity Info short {Common subexpression elimination.}} {count 11 id message:CDFG/CDFG-750 severity Info short {Created sum-of-products hierarchy.}} {count 1 id message:CDFG/CDFG-754 severity Info short {Transformed if-else-if to priority-encoded case.}} {count 9 id message:CDFG/CDFG-755 severity Info short {Combined sum-of-products logic.}} {count 12 id message:CDFG/CDFG-771 severity Info short {Replaced logic with a constant value.}} {count 9 id message:CDFG2G/CDFG2G-110 severity Info short {Finished processing module.}} {count 2 id message:TUI/TUI-37 severity Warning short {This command will be obsolete in a next major release.}} {count 1 id message:GLO/GLO-45 severity Info short {Replacing the synchronous part of an always feeding back flip-flop with a logic constant.}} {count 1 id message:GLO/GLO-12 severity Info short {Replacing a flip-flop with a logic constant 0.}} {count 1 id message:GLO/GLO-34 severity Info short {Deleting instances not driving any primary outputs.}} {count 4 id message:GLO/GLO-32 severity Info short {Deleting sequential instances not driving any primary outputs.}} {count 137 id message:GLO/GLO-42 severity Info short {Equivalent sequential instances have been merged.}} {count 1 id message:POPT/POPT-10 severity Info short {Cannot find requested type of clock-gating integrated cell.}} {count 1 id message:POPT/POPT-12 severity Info short {Could not find any user created clock-gating module.}} {count 1 id message:POPT/POPT-96 severity Info short {One or more cost groups were automatically created for clock gate enable paths.}} {count 1 id message:GB/GB-6 severity Info short {A datapath component has been ungrouped.}} {count 1 id message:RTLOPT/RTLOPT-1 severity Info short {Optimizing RTL.}} {count 1 id message:RTLOPT/RTLOPT-2 severity Info short {Done optimizing RTL.}} {count 2 id message:RTLOPT/RTLOPT-30 severity Info short {Accepted resource sharing opportunity.}} {count 1 id message:SYNTH/SYNTH-14 severity Info short {Done gating clocks.}} {count 1 id message:SYNTH/SYNTH-13 severity Info short {Gating clocks.}} {count 1 id message:SYNTH/SYNTH-2 severity Info short {Done synthesizing.}} {count 1 id message:SYNTH/SYNTH-1 severity Info short Synthesizing.} {count 4 id message:CDFG/CDFG-500 severity Info short {Unused module input port.}} {count 2 id message:ELABUTL/ELABUTL-123 severity Warning short {Undriven module output port.}} {count 2 id message:CDFG2G/CDFG2G-616 severity Info short {Latch inferred.}} {count 2 id message:CG/CG-103 severity Info short {Created discrete clock-gating module.}} {count 6 id message:GLO/GLO-51 severity Info short {Hierarchical instance automatically ungrouped.}} {count 1 id message:TIM/TIM-11 severity Warning short {Possible timing problems have been detected in this design.}} {count 198 id message:PA/PA-7 severity Info short {Resetting power analysis results.}} {count 1 id message:SYNTH/SYNTH-5 severity Info short {Done mapping.}} {count 1 id message:SYNTH/SYNTH-4 severity Info short Mapping.}", "inherited": true }, 
    { "name": "name", "value": "syn_map", "inherited": true }, 
    { "name": "timing.analysis_views.all", "value": " default_emulate_view", "inherited": true }, 
    { "name": "timing.analysis_views.all.number", "value": "1", "inherited": true }, 
    { "name": "timing.setup.analysis_views.active", "value": " default_emulate_view", "inherited": true }, 
    { "name": "timing.setup.analysis_views.active.number", "value": "1", "inherited": true }, 
    { "name": "timing.setup.analysis_views.enabled", "value": " default_emulate_view", "inherited": true }, 
    { "name": "timing.setup.analysis_views.enabled.number", "value": "1", "inherited": true }, 
    { "name": "timing.setup.feps", "value": "0", "inherited": true }, 
    { "name": "timing.setup.tns", "value": "-0 ps", "inherited": true }, 
    { "name": "timing.setup.tns.cost_group:processor/cg_enable_group_clk_i", "value": "-0 ps", "inherited": true }, 
    { "name": "timing.setup.tns.cost_group:processor/clk_i", "value": "-0 ps", "inherited": true }, 
    { "name": "timing.setup.tns.cost_group:processor/default", "value": "-0 ps", "inherited": true }, 
    { "name": "timing.setup.wns", "value": "0.0 ps", "inherited": true }, 
    { "name": "timing.setup.wns.cg_enable_group_clk_i", "value": "0.0 ps", "inherited": true }, 
    { "name": "timing.setup.wns.clk_i", "value": "346.4 ps", "inherited": true }, 
    { "name": "timing.setup.wns.default", "value": "no_value ps", "inherited": true }
  ],
  "total_cpu": 283, "total_cpu_user": 283, "total_real": 185
}